{
  "sizes": [
    100,
    500,
    1000,
    5000,
    10000,
    50000
  ],
  "python_sum_times_ms": [
    0.027799978852272034,
    0.11480017565190792,
    0.1401000190526247,
    0.5948999896645546,
    1.7520999535918236,
    6.483800010755658
  ],
  "python_multiply_times_ms": [
    0.01750001683831215,
    0.06969994865357876,
    0.14050002209842205,
    0.42319996282458305,
    1.1261000763624907,
    3.131300210952759
  ],
  "rust_multiply_times_ms": [
    0.020399922505021095,
    0.047900015488266945,
    0.09489990770816803,
    0.2598999999463558,
    0.8505000732839108,
    2.7481999713927507
  ],
  "go_sum_times_ms": [
    127.72829993627965,
    126.02069997228682,
    127.0431000739336,
    106.5754999872297,
    112.07520007155836,
    134.77400015108287
  ]
}